date,location,total_cases,new_cases,total_deaths,population,cases_per_million,MA7,death_rate
2019-12-31,Brazil,0.0,0.0,0.0,212559409.0,0.0,,
2020-01-01,Brazil,0.0,0.0,0.0,212559409.0,0.0,,
2020-01-02,Brazil,0.0,0.0,0.0,212559409.0,0.0,,
2020-01-03,Brazil,0.0,0.0,0.0,212559409.0,0.0,,
2020-01-04,Brazil,0.0,0.0,0.0,212559409.0,0.0,,
2020-01-05,Brazil,0.0,0.0,0.0,212559409.0,0.0,,
2020-01-06,Brazil,0.0,0.0,0.0,212559409.0,0.0,0.0,
2020-01-07,Brazil,0.0,0.0,0.0,212559409.0,0.0,0.0,
2020-01-08,Brazil,0.0,0.0,0.0,212559409.0,0.0,0.0,
2020-01-09,Brazil,0.0,0.0,0.0,212559409.0,0.0,0.0,
2020-01-10,Brazil,0.0,0.0,0.0,212559409.0,0.0,0.0,
2020-01-11,Brazil,0.0,0.0,0.0,212559409.0,0.0,0.0,
2020-01-12,Brazil,0.0,0.0,0.0,212559409.0,0.0,0.0,
2020-01-13,Brazil,0.0,0.0,0.0,212559409.0,0.0,0.0,
2020-01-14,Brazil,0.0,0.0,0.0,212559409.0,0.0,0.0,
2020-01-15,Brazil,0.0,0.0,0.0,212559409.0,0.0,0.0,
2020-01-16,Brazil,0.0,0.0,0.0,212559409.0,0.0,0.0,
2020-01-17,Brazil,0.0,0.0,0.0,212559409.0,0.0,0.0,
2020-01-18,Brazil,0.0,0.0,0.0,212559409.0,0.0,0.0,
2020-01-19,Brazil,0.0,0.0,0.0,212559409.0,0.0,0.0,
2020-01-20,Brazil,0.0,0.0,0.0,212559409.0,0.0,0.0,
2020-01-21,Brazil,0.0,0.0,0.0,212559409.0,0.0,0.0,
2020-01-22,Brazil,0.0,0.0,0.0,212559409.0,0.0,0.0,
2020-01-23,Brazil,0.0,0.0,0.0,212559409.0,0.0,0.0,
2020-01-24,Brazil,0.0,0.0,0.0,212559409.0,0.0,0.0,
2020-01-25,Brazil,0.0,0.0,0.0,212559409.0,0.0,0.0,
2020-01-26,Brazil,0.0,0.0,0.0,212559409.0,0.0,0.0,
2020-01-27,Brazil,0.0,0.0,0.0,212559409.0,0.0,0.0,
2020-01-28,Brazil,0.0,0.0,0.0,212559409.0,0.0,0.0,
2020-01-29,Brazil,0.0,0.0,0.0,212559409.0,0.0,0.0,
2020-01-30,Brazil,0.0,0.0,0.0,212559409.0,0.0,0.0,
2020-01-31,Brazil,0.0,0.0,0.0,212559409.0,0.0,0.0,
2020-02-01,Brazil,0.0,0.0,0.0,212559409.0,0.0,0.0,
2020-02-02,Brazil,0.0,0.0,0.0,212559409.0,0.0,0.0,
2020-02-03,Brazil,0.0,0.0,0.0,212559409.0,0.0,0.0,
2020-02-04,Brazil,0.0,0.0,0.0,212559409.0,0.0,0.0,
2020-02-05,Brazil,0.0,0.0,0.0,212559409.0,0.0,0.0,
2020-02-06,Brazil,0.0,0.0,0.0,212559409.0,0.0,0.0,
2020-02-07,Brazil,0.0,0.0,0.0,212559409.0,0.0,0.0,
2020-02-08,Brazil,0.0,0.0,0.0,212559409.0,0.0,0.0,
2020-02-09,Brazil,0.0,0.0,0.0,212559409.0,0.0,0.0,
2020-02-10,Brazil,0.0,0.0,0.0,212559409.0,0.0,0.0,
2020-02-11,Brazil,0.0,0.0,0.0,212559409.0,0.0,0.0,
2020-02-12,Brazil,0.0,0.0,0.0,212559409.0,0.0,0.0,
2020-02-13,Brazil,0.0,0.0,0.0,212559409.0,0.0,0.0,
2020-02-14,Brazil,0.0,0.0,0.0,212559409.0,0.0,0.0,
2020-02-15,Brazil,0.0,0.0,0.0,212559409.0,0.0,0.0,
2020-02-16,Brazil,0.0,0.0,0.0,212559409.0,0.0,0.0,
2020-02-17,Brazil,0.0,0.0,0.0,212559409.0,0.0,0.0,
2020-02-18,Brazil,0.0,0.0,0.0,212559409.0,0.0,0.0,
2020-02-19,Brazil,0.0,0.0,0.0,212559409.0,0.0,0.0,
2020-02-20,Brazil,0.0,0.0,0.0,212559409.0,0.0,0.0,
2020-02-21,Brazil,0.0,0.0,0.0,212559409.0,0.0,0.0,
2020-02-22,Brazil,0.0,0.0,0.0,212559409.0,0.0,0.0,
2020-02-23,Brazil,0.0,0.0,0.0,212559409.0,0.0,0.0,
2020-02-24,Brazil,0.0,0.0,0.0,212559409.0,0.0,0.0,
2020-02-25,Brazil,0.0,0.0,0.0,212559409.0,0.0,0.0,
2020-02-26,Brazil,1.0,1.0,0.0,212559409.0,0.004704567088817978,0.14285714285714285,0.0
2020-02-27,Brazil,1.0,0.0,0.0,212559409.0,0.004704567088817978,0.14285714285714285,0.0
2020-02-28,Brazil,1.0,0.0,0.0,212559409.0,0.004704567088817978,0.14285714285714285,0.0
2020-02-29,Brazil,1.0,0.0,0.0,212559409.0,0.004704567088817978,0.14285714285714285,0.0
2020-03-01,Brazil,2.0,1.0,0.0,212559409.0,0.009409134177635956,0.2857142857142857,0.0
2020-03-02,Brazil,2.0,0.0,0.0,212559409.0,0.009409134177635956,0.2857142857142857,0.0
2020-03-03,Brazil,2.0,0.0,0.0,212559409.0,0.009409134177635956,0.2857142857142857,0.0
2020-03-04,Brazil,2.0,0.0,0.0,212559409.0,0.009409134177635956,0.14285714285714285,0.0
2020-03-05,Brazil,3.0,1.0,0.0,212559409.0,0.014113701266453936,0.2857142857142857,0.0
2020-03-06,Brazil,8.0,5.0,0.0,212559409.0,0.03763653671054382,1.0,0.0
2020-03-07,Brazil,13.0,5.0,0.0,212559409.0,0.061159372154633726,1.7142857142857142,0.0
2020-03-08,Brazil,13.0,0.0,0.0,212559409.0,0.061159372154633726,1.5714285714285714,0.0
2020-03-09,Brazil,25.0,12.0,0.0,212559409.0,0.11761417722044946,3.2857142857142856,0.0
2020-03-10,Brazil,25.0,0.0,0.0,212559409.0,0.11761417722044946,3.2857142857142856,0.0
2020-03-11,Brazil,34.0,9.0,0.0,212559409.0,0.15995528101981127,4.571428571428571,0.0
2020-03-12,Brazil,52.0,18.0,0.0,212559409.0,0.2446374886185349,7.0,0.0
2020-03-13,Brazil,77.0,25.0,0.0,212559409.0,0.3622516658389843,9.857142857142858,0.0
2020-03-14,Brazil,98.0,21.0,0.0,212559409.0,0.4610475747041619,12.142857142857142,0.0
2020-03-15,Brazil,121.0,23.0,0.0,212559409.0,0.5692526177469753,15.428571428571429,0.0
2020-03-16,Brazil,200.0,79.0,0.0,212559409.0,0.9409134177635957,25.0,0.0
2020-03-17,Brazil,234.0,34.0,0.0,212559409.0,1.1008686987834069,29.857142857142858,0.0
2020-03-18,Brazil,291.0,57.0,1.0,212559409.0,1.3690290228460318,36.714285714285715,0.003436426116838488
2020-03-19,Brazil,428.0,137.0,4.0,212559409.0,2.0135547140140946,53.714285714285715,0.009345794392523364
2020-03-20,Brazil,621.0,193.0,6.0,212559409.0,2.921536162155965,77.71428571428571,0.00966183574879227
2020-03-21,Brazil,904.0,283.0,11.0,212559409.0,4.252928648291452,115.14285714285714,0.012168141592920354
2020-03-22,Brazil,1128.0,224.0,18.0,212559409.0,5.306751676186679,143.85714285714286,0.015957446808510637
2020-03-23,Brazil,1546.0,418.0,25.0,212559409.0,7.273260719312595,192.28571428571428,0.016170763260025874
2020-03-24,Brazil,1891.0,345.0,34.0,212559409.0,8.896336364954797,236.71428571428572,0.017979904812268643
2020-03-25,Brazil,2201.0,310.0,46.0,212559409.0,10.354752162488369,272.85714285714283,0.020899591094956836
2020-03-26,Brazil,2433.0,232.0,57.0,212559409.0,11.446211727094141,286.42857142857144,0.02342786683107275
2020-03-27,Brazil,2915.0,482.0,77.0,212559409.0,13.713813063904407,327.7142857142857,0.026415094339622643
2020-03-28,Brazil,3417.0,502.0,92.0,212559409.0,16.075505742491032,359.0,0.026924202516827627
2020-03-29,Brazil,3904.0,487.0,114.0,212559409.0,18.36662991474539,396.57142857142856,0.02920081967213115
2020-03-30,Brazil,4256.0,352.0,136.0,212559409.0,20.022637530009316,387.14285714285717,0.03195488721804511
2020-03-31,Brazil,4579.0,323.0,159.0,212559409.0,21.542212699697522,384.0,0.034723738807599915
2020-04-01,Brazil,5717.0,1138.0,201.0,212559409.0,26.896010046772382,502.2857142857143,0.035158299807591394
2020-04-02,Brazil,6836.0,1119.0,241.0,212559409.0,32.160420619159694,629.0,0.035254534815681686
2020-04-03,Brazil,7910.0,1074.0,299.0,212559409.0,37.21312567255021,713.5714285714286,0.037800252844500636
2020-04-04,Brazil,9056.0,1146.0,359.0,212559409.0,42.604559556335616,805.5714285714286,0.03964222614840989
2020-04-05,Brazil,10278.0,1222.0,432.0,212559409.0,48.35354053887118,910.5714285714286,0.04203152364273205
2020-04-06,Brazil,11130.0,852.0,486.0,212559409.0,52.3618316985441,982.0,0.04366576819407008
2020-04-07,Brazil,12056.0,926.0,553.0,212559409.0,56.718260822789546,1068.142857142857,0.045869276708692765
2020-04-08,Brazil,13717.0,1661.0,667.0,212559409.0,64.53254675731621,1142.857142857143,0.048625792811839326
2020-04-09,Brazil,15927.0,2210.0,800.0,212559409.0,74.92964002360394,1298.7142857142858,0.05022917059082062
2020-04-10,Brazil,17857.0,1930.0,941.0,212559409.0,84.00945450502263,1421.0,0.05269642157137257
2020-04-11,Brazil,19638.0,1781.0,1056.0,212559409.0,92.38828849020746,1511.7142857142858,0.05377329666972197
2020-04-12,Brazil,20727.0,1089.0,1124.0,212559409.0,97.51156204993023,1492.7142857142858,0.05422878371206639
2020-04-13,Brazil,22169.0,1442.0,1223.0,212559409.0,104.29554779200576,1577.0,0.0551671252650097
2020-04-14,Brazil,23430.0,1261.0,1328.0,212559409.0,110.22800689100524,1624.857142857143,0.05667947076397781
2020-04-15,Brazil,25262.0,1832.0,1532.0,212559409.0,118.84677379771976,1649.2857142857142,0.06064444620378434
2020-04-16,Brazil,28320.0,3058.0,1736.0,212559409.0,133.23333995532514,1770.4285714285713,0.06129943502824859
2020-04-17,Brazil,30425.0,2105.0,1924.0,212559409.0,143.136453677287,1795.4285714285713,0.06323746918652424
2020-04-18,Brazil,33682.0,3257.0,2141.0,212559409.0,158.45922868556715,2006.2857142857142,0.06356510896027552
2020-04-19,Brazil,36599.0,2917.0,2347.0,212559409.0,172.18245088364918,2267.4285714285716,0.06412743517582448
2020-04-20,Brazil,38654.0,2055.0,2462.0,212559409.0,181.85033625117015,2355.0,0.06369327883272106
2020-04-21,Brazil,40581.0,1927.0,2575.0,212559409.0,190.9160370313224,2450.1428571428573,0.06345334023311403
2020-04-22,Brazil,43079.0,2498.0,2741.0,212559409.0,202.66804561918968,2545.285714285714,0.06362728939854685
2020-04-23,Brazil,45757.0,2678.0,2906.0,212559409.0,215.26687628304424,2491.0,0.0635094083965295
2020-04-24,Brazil,49492.0,3735.0,3313.0,212559409.0,232.8384343597794,2723.8571428571427,0.06694011153317708
2020-04-25,Brazil,52995.0,3503.0,3670.0,212559409.0,249.31853287190876,2759.0,0.06925181620907633
2020-04-26,Brazil,58509.0,5514.0,4016.0,212559409.0,275.2595157996511,3130.0,0.06863901280144935
2020-04-27,Brazil,61888.0,3379.0,4205.0,212559409.0,291.156247992767,3319.1428571428573,0.06794532057911065
2020-04-28,Brazil,66501.0,4613.0,4543.0,212559409.0,312.8584159734844,3702.8571428571427,0.06831476218402731
2020-04-29,Brazil,71886.0,5385.0,5017.0,212559409.0,338.1925097467692,4115.285714285715,0.06979105806415714
2020-04-30,Brazil,78162.0,6276.0,5466.0,212559409.0,367.71837279619086,4629.285714285715,0.06993168035618332
2020-05-01,Brazil,85380.0,7218.0,5901.0,212559409.0,401.675938043279,5126.857142857143,0.0691145467322558
2020-05-02,Brazil,91589.0,6209.0,6329.0,212559409.0,430.8865950977498,5513.428571428572,0.06910218476017863
2020-05-03,Brazil,96559.0,4970.0,6750.0,212559409.0,454.26829352917514,5435.714285714285,0.0699054464110026
2020-05-04,Brazil,101147.0,4588.0,7025.0,212559409.0,475.85284733267207,5608.428571428572,0.06945336984784521
2020-05-05,Brazil,107780.0,6633.0,7321.0,212559409.0,507.05824083280174,5897.0,0.06792540359992577
2020-05-06,Brazil,114715.0,6935.0,7921.0,212559409.0,539.6844135937545,6118.428571428572,0.0690493832541516
2020-05-07,Brazil,125218.0,10503.0,8536.0,212559409.0,589.0964817276097,6722.285714285715,0.06816911306681148
2020-05-08,Brazil,135106.0,9888.0,9146.0,212559409.0,635.6152411018418,7103.714285714285,0.06769499504093082
2020-05-09,Brazil,145328.0,10222.0,9897.0,212559409.0,683.7053258837392,7677.0,0.06810112297698998
2020-05-10,Brazil,155939.0,10611.0,10627.0,212559409.0,733.6254872631868,8482.857142857143,0.06814844266027101
2020-05-11,Brazil,162699.0,6760.0,11123.0,212559409.0,765.4283607835963,8793.142857142857,0.06836550931474686
2020-05-12,Brazil,168331.0,5632.0,11519.0,212559409.0,791.9244826278192,8650.142857142857,0.06843065151398138
2020-05-13,Brazil,177589.0,9258.0,12400.0,212559409.0,835.479364736096,8982.0,0.06982414451345523
2020-05-14,Brazil,188974.0,11385.0,13149.0,212559409.0,889.0408610422887,9108.0,0.06958100056092373
2020-05-15,Brazil,202918.0,13944.0,13993.0,212559409.0,954.6413445287665,9687.42857142857,0.06895888979784938
2020-05-16,Brazil,218223.0,15305.0,14817.0,212559409.0,1026.6447438231257,10413.57142857143,0.0678984341705503
2020-05-17,Brazil,233142.0,14919.0,15633.0,212559409.0,1096.832180221201,11029.0,0.06705355534395346
2020-05-18,Brazil,241080.0,7938.0,16118.0,212559409.0,1134.1770337722382,11197.285714285714,0.06685747469719595
2020-05-19,Brazil,254220.0,13140.0,16792.0,212559409.0,1195.9950453193064,12269.857142857143,0.06605302493902919
2020-05-20,Brazil,271628.0,17408.0,17971.0,212559409.0,1277.89214920145,13434.142857142857,0.06616033693139146
2020-05-21,Brazil,291579.0,19951.0,18859.0,212559409.0,1371.7529671904572,14657.857142857143,0.06467886919153985
2020-05-22,Brazil,310087.0,18508.0,20047.0,212559409.0,1458.8250948703003,15309.857142857143,0.0646495983385308
2020-05-23,Brazil,330890.0,20803.0,21048.0,212559409.0,1556.6942040189808,16095.285714285714,0.06361026322947202
2020-05-24,Brazil,347398.0,16508.0,22013.0,212559409.0,1634.357197521188,16322.285714285714,0.06336536191918203
2020-05-25,Brazil,363211.0,15813.0,22666.0,212559409.0,1708.7505168966668,17447.285714285714,0.06240449766113912
2020-05-26,Brazil,374898.0,11687.0,23473.0,212559409.0,1763.7327924636825,17239.714285714286,0.06261169704826379
2020-05-27,Brazil,391222.0,16324.0,24512.0,212559409.0,1840.530145621547,17084.85714285714,0.06265496316669308
2020-05-28,Brazil,411821.0,20599.0,25598.0,212559409.0,1937.4395230841085,17177.428571428572,0.06215807353194713
2020-05-29,Brazil,438238.0,26417.0,26754.0,212559409.0,2061.720071869413,18307.285714285714,0.06104901902619125
2020-05-30,Brazil,465166.0,26928.0,27878.0,212559409.0,2188.4046544371035,19182.285714285714,0.05993129334474145
2020-05-31,Brazil,498440.0,33274.0,28834.0,212559409.0,2344.944419750433,21577.428571428572,0.05784848728031458
2020-06-01,Brazil,514849.0,16409.0,29314.0,212559409.0,2422.1416611108475,21662.571428571428,0.056937082523225255
2020-06-02,Brazil,526447.0,11598.0,29937.0,212559409.0,2476.7052302069583,21649.85714285714,0.056866123275467424
2020-06-03,Brazil,555383.0,28936.0,31199.0,212559409.0,2612.836583488995,23451.571428571428,0.05617564815631735
2020-06-04,Brazil,584016.0,28633.0,32548.0,212559409.0,2747.5424529431207,24599.285714285714,0.055731349826032166
2020-06-05,Brazil,614932.0,30916.0,34021.0,212559409.0,2892.9888490610174,25242.0,0.05532481640246401
2020-06-06,Brazil,645762.0,30830.0,35026.0,212559409.0,3038.0306524092753,25799.428571428572,0.05423979732471096
2020-06-07,Brazil,672837.0,27075.0,35930.0,212559409.0,3165.406806339022,24913.85714285714,0.0534007493642591
2020-06-08,Brazil,691758.0,18921.0,36455.0,212559409.0,3254.421920226547,25272.714285714286,0.05269906528005459
2020-06-09,Brazil,707412.0,15654.0,37134.0,212559409.0,3328.067213434904,25852.14285714286,0.05249274821461892
2020-06-10,Brazil,739503.0,32091.0,38406.0,212559409.0,3479.041475882161,26302.85714285714,0.05193488058871972
2020-06-11,Brazil,772416.0,32913.0,39680.0,212559409.0,3633.8828924764275,26914.285714285714,0.05137128179633772
2020-06-12,Brazil,802828.0,30412.0,40919.0,212559409.0,3776.95818678156,26842.285714285714,0.05096857608354467
2020-06-13,Brazil,828810.0,25982.0,41828.0,212559409.0,3899.192248883229,26149.714285714286,0.05046753779515208
2020-06-14,Brazil,850514.0,21704.0,42720.0,212559409.0,4001.3001729789344,25382.428571428572,0.05022845009018076
2020-06-15,Brazil,867624.0,17110.0,43332.0,212559409.0,4081.79531586861,25123.714285714286,0.04994329340820448
2020-06-16,Brazil,888271.0,20647.0,43959.0,212559409.0,4178.930512551435,25837.0,0.04948827553753303
2020-06-17,Brazil,923189.0,34918.0,45241.0,212559409.0,4343.204586158781,26240.85714285714,0.04900513329339929
2020-06-18,Brazil,955377.0,32188.0,46510.0,212559409.0,4494.635191613654,26137.285714285714,0.0486823526210072
2020-06-19,Brazil,978142.0,22765.0,47748.0,212559409.0,4601.734661390595,25044.85714285714,0.048814998231340646
2020-06-20,Brazil,1032913.0,54771.0,48954.0,212559409.0,4859.408505412244,29157.571428571428,0.04739411741356726
2020-06-21,Brazil,1067579.0,34666.0,49976.0,212559409.0,5022.497028113209,31009.285714285714,0.046812460717192826
2020-06-22,Brazil,1085038.0,17459.0,50617.0,212559409.0,5104.634064916882,31059.14285714286,0.04664997907907373
2020-06-23,Brazil,1106470.0,21432.0,51271.0,212559409.0,5205.462346764429,31171.285714285714,0.046337451535061955
2020-06-24,Brazil,1145906.0,39436.0,52645.0,212559409.0,5390.991654479055,31816.714285714286,0.045941813726431316
2020-06-25,Brazil,1188631.0,42725.0,53830.0,212559409.0,5591.994283348802,33322.0,0.04528739364865968
2020-06-26,Brazil,1228114.0,39483.0,54971.0,212559409.0,5777.744705716603,35710.28571428572,0.04476050268948974
2020-06-27,Brazil,1274974.0,46860.0,55961.0,212559409.0,5998.200719498613,34580.142857142855,0.04389187544216588
2020-06-28,Brazil,1313667.0,38693.0,57070.0,212559409.0,6180.234533866247,35155.42857142857,0.04344327748204073
2020-06-29,Brazil,1344143.0,30476.0,57622.0,212559409.0,6323.610920465064,37015.0,0.04286895069944195
2020-06-30,Brazil,1368195.0,24052.0,58314.0,212559409.0,6436.765168085313,37389.28571428572,0.04262111760385033
2020-07-01,Brazil,1402041.0,33846.0,59594.0,212559409.0,6595.995945773447,36590.71428571428,0.042505176382145744
2020-07-02,Brazil,1448753.0,46712.0,60632.0,212559409.0,6815.755683626312,37160.28571428572,0.04185116441519017
2020-07-03,Brazil,1496858.0,48105.0,61884.0,212559409.0,7042.068883433902,38392.0,0.04134259896396318
2020-07-04,Brazil,1539081.0,42223.0,63174.0,212559409.0,7240.709819625063,37729.57142857143,0.0410465725975436
2020-07-05,Brazil,1577004.0,37923.0,64265.0,212559409.0,7419.121117334307,37619.57142857143,0.04075132339550185
2020-07-06,Brazil,1603055.0,26051.0,64867.0,212559409.0,7541.679794565104,36987.42857142857,0.04046461287978267
2020-07-07,Brazil,1623284.0,20229.0,65487.0,212559409.0,7636.848482204803,36441.28571428572,0.040342293769913336
2020-07-08,Brazil,1668589.0,45305.0,66741.0,212559409.0,7849.988894163702,38078.28571428572,0.03999846576958137
2020-07-09,Brazil,1713160.0,44571.0,67964.0,212559409.0,8059.676153879407,37772.42857142857,0.03967171776132994
2020-07-10,Brazil,1755779.0,42619.0,69184.0,212559409.0,8260.18009863774,36988.71428571428,0.03940359236555398
2020-07-11,Brazil,1800827.0,45048.0,70398.0,212559409.0,8472.111436854813,37392.28571428572,0.039092039379685
2020-07-12,Brazil,1839850.0,39023.0,71469.0,212559409.0,8655.697758361757,37549.42857142857,0.03884501453922874
2020-07-13,Brazil,1864681.0,24831.0,72100.0,212559409.0,8772.516863744197,37375.142857142855,0.03866613109695439
2020-07-14,Brazil,1884967.0,20286.0,72833.0,212559409.0,8867.953711707958,37383.28571428572,0.03863887272297075
2020-07-15,Brazil,1926824.0,41857.0,74133.0,212559409.0,9064.872776344611,36890.71428571428,0.038474193802859005
2020-07-16,Brazil,1966748.0,39924.0,75366.0,212559409.0,9252.697912798581,36226.857142857145,0.03832011015137679
2020-07-17,Brazil,2012151.0,45403.0,76688.0,212559409.0,9466.299372332183,36624.57142857143,0.038112447823249844
2020-07-18,Brazil,2046328.0,34177.0,77851.0,212559409.0,9627.087361726715,35071.57142857143,0.038044243151635515
2020-07-19,Brazil,2074860.0,28532.0,78772.0,212559409.0,9761.318069904872,33572.857142857145,0.0379649711305823
2020-07-20,Brazil,2098389.0,23529.0,79488.0,212559409.0,9872.011828937668,33386.857142857145,0.0378804883174664
2020-07-21,Brazil,2118646.0,20257.0,80120.0,212559409.0,9967.312244455854,33382.71428571428,0.03781660551125578
2020-07-22,Brazil,2159654.0,41008.0,81487.0,212559409.0,10160.237131634101,33261.42857142857,0.0377315069913977
2020-07-23,Brazil,2227514.0,67860.0,82771.0,212559409.0,10479.489054281292,37252.28571428572,0.03715846454837096
2020-07-24,Brazil,2287475.0,59961.0,84082.0,212559409.0,10761.579601493906,39332.0,0.036757560191914666
2020-07-25,Brazil,2343366.0,55891.0,85238.0,212559409.0,11024.522560655032,42434.0,0.036374172877817634
2020-07-26,Brazil,2394513.0,51147.0,86449.0,212559409.0,11265.147053546803,45664.71428571428,0.036102957052227325
2020-07-27,Brazil,2419091.0,24578.0,87004.0,212559409.0,11380.775903455773,45814.57142857143,0.03596557549922678
2020-07-28,Brazil,2442375.0,23284.0,87618.0,212559409.0,11490.31704355181,46247.0,0.03587409795793029
2020-07-29,Brazil,2483191.0,40816.0,88539.0,212559409.0,11682.338653849005,46219.57142857143,0.03565533219152292
2020-07-30,Brazil,2552265.0,69074.0,90134.0,212559409.0,12007.301920942016,46393.0,0.03531529837223016
2020-07-31,Brazil,2610102.0,57837.0,91263.0,212559409.0,12279.399967657982,46089.57142857143,0.03496530020665859
2020-08-01,Brazil,2662485.0,52383.0,92475.0,212559409.0,12525.839305471536,45588.42857142857,0.0347325900427608
2020-08-02,Brazil,2707877.0,45392.0,93563.0,212559409.0,12739.389014767161,44766.28571428572,0.03455216023475217
2020-08-03,Brazil,2733677.0,25800.0,94104.0,212559409.0,12860.766845658665,44940.857142857145,0.03442396449909774
2020-08-04,Brazil,2750318.0,16641.0,94665.0,212559409.0,12939.055546583684,43991.857142857145,0.03441965619975581
2020-08-05,Brazil,2801921.0,51603.0,95819.0,212559409.0,13181.825322067958,45532.857142857145,0.03419760942581893
2020-08-06,Brazil,2859073.0,57152.0,97256.0,212559409.0,13450.700740328084,43829.71428571428,0.03401662007231015
2020-08-07,Brazil,2912212.0,53139.0,98493.0,212559409.0,13700.696730860784,43158.57142857143,0.03382068338431406
2020-08-08,Brazil,2962442.0,50230.0,99572.0,212559409.0,13937.007135732109,42851.0,0.03361145973490789
2020-08-09,Brazil,3012412.0,49970.0,100477.0,212559409.0,14172.094353160344,43505.0,0.03335433532996151
2020-08-10,Brazil,3035422.0,23010.0,101049.0,212559409.0,14280.346441874046,43106.42857142857,0.03328993464500159
2020-08-11,Brazil,3057470.0,22048.0,101752.0,212559409.0,14384.072737048304,43878.857142857145,0.033279803236008855
2020-08-12,Brazil,3109630.0,52160.0,103026.0,212559409.0,14629.46295640105,43958.42857142857,0.03313127285239723
2020-08-13,Brazil,3164785.0,55155.0,104201.0,212559409.0,14888.943354184807,43673.142857142855,0.032925143414165574
2020-08-14,Brazil,3224876.0,60091.0,105463.0,212559409.0,15171.645495118968,44666.28571428572,0.03270296284260232
2020-08-15,Brazil,3275520.0,50644.0,106523.0,212559409.0,15409.903590765065,44725.42857142857,0.0325209432395467
2020-08-16,Brazil,3317096.0,41576.0,107232.0,212559409.0,15605.50067204976,43526.28571428572,0.032327071631330535
2020-08-17,Brazil,3340197.0,23101.0,107852.0,212559409.0,15714.180876368546,43539.28571428572,0.032289113486420114
2020-08-18,Brazil,3359570.0,19373.0,108536.0,212559409.0,15805.322454580217,43157.142857142855,0.0323065154171516
2020-08-19,Brazil,3407354.0,47784.0,109888.0,212559409.0,16030.125488352296,42532.0,0.03225024461796456
2020-08-20,Brazil,3456652.0,49298.0,111100.0,212559409.0,16262.051236696841,41695.28571428572,0.03214092711675922
2020-08-21,Brazil,3501975.0,45323.0,112304.0,212559409.0,16475.27633086334,39585.57142857143,0.03206876119903768
2020-08-22,Brazil,3532330.0,30355.0,113358.0,212559409.0,16618.083464844407,36687.142857142855,0.03209156562382337
2020-08-23,Brazil,3582362.0,50032.0,114250.0,212559409.0,16853.462365432148,37895.142857142855,0.03189236598646368
2020-08-24,Brazil,3605783.0,23421.0,114744.0,212559409.0,16963.64803121936,37940.857142857145,0.0318222144815703
2020-08-25,Brazil,3622861.0,17078.0,115309.0,212559409.0,17043.99262796219,37613.0,0.031828160119861074
2020-08-26,Brazil,3669995.0,47134.0,116580.0,212559409.0,17265.737693126535,37520.142857142855,0.0317657108524671
2020-08-27,Brazil,3717156.0,47161.0,117665.0,212559409.0,17487.60978160228,37214.857142857145,0.031654576778590945
2020-08-28,Brazil,3761391.0,44235.0,118649.0,212559409.0,17695.716306776143,37059.42857142857,0.03154391553550269
2020-08-29,Brazil,3804803.0,43412.0,119504.0,212559409.0,17899.95097323591,38924.71428571428,0.031408722081011815
2020-08-30,Brazil,3846153.0,41350.0,120462.0,212559409.0,18094.484822358532,37684.42857142857,0.031320126890427916
2020-08-31,Brazil,3862311.0,16158.0,120828.0,212559409.0,18170.501217379653,36646.857142857145,0.031283860880182875
2020-09-01,Brazil,3908272.0,45961.0,121381.0,212559409.0,18386.72782534882,40773.0,0.031057459665038666
2020-09-02,Brazil,3950931.0,42659.0,122596.0,212559409.0,18587.419952790704,40133.71428571428,0.031029648455009717
2020-09-03,Brazil,3997865.0,46934.0,123780.0,212559409.0,18808.224104537287,40101.28571428572,0.030961525714350034
2020-09-04,Brazil,4041638.0,43773.0,124614.0,212559409.0,19014.157119716117,40035.28571428572,0.030832548585499244
2020-09-05,Brazil,4092832.0,51194.0,125521.0,212559409.0,19255.002727261064,41147.0,0.030668495555155943
2020-09-06,Brazil,4123000.0,30168.0,126203.0,212559409.0,19396.930107196527,39549.57142857143,0.030609507640067913
2020-09-07,Brazil,4137521.0,14521.0,126650.0,212559409.0,19465.24512589325,39315.71428571428,0.030610116540798222
2020-09-08,Brazil,4147794.0,10273.0,126960.0,212559409.0,19513.575143596678,34217.42857142857,0.030609041818373817
2020-09-09,Brazil,4162073.0,14279.0,127464.0,212559409.0,19580.75165705791,30163.14285714286,0.03062512358625137
2020-09-10,Brazil,4197889.0,35816.0,128539.0,212559409.0,19749.250431911012,28574.85714285714,0.030619913961517326
2020-09-11,Brazil,4238446.0,40557.0,129522.0,212559409.0,19940.053559332206,28115.428571428572,0.03055884161317615
2020-09-12,Brazil,4282164.0,43718.0,130396.0,212559409.0,20145.72782332115,27047.428571428572,0.030450958907692467
2020-09-13,Brazil,4315687.0,33523.0,131210.0,212559409.0,20303.439025839594,27526.714285714286,0.030403038959961645
2020-09-14,Brazil,4330455.0,14768.0,131625.0,212559409.0,20372.91607260726,27562.0,0.030395189420049394
2020-09-15,Brazil,4345610.0,15155.0,132006.0,212559409.0,20444.213786838296,28259.428571428572,0.030376863087115503
2020-09-16,Brazil,4382263.0,36653.0,133119.0,212559409.0,20616.650284344738,31455.714285714286,0.03037677108836234
2020-09-17,Brazil,4419083.0,36820.0,134106.0,212559409.0,20789.872444555018,31599.14285714286,0.030347019958665632
2020-09-18,Brazil,4455386.0,36303.0,134935.0,212559409.0,20960.662343580378,30991.428571428572,0.030285815864214683
2020-09-19,Brazil,4495183.0,39797.0,135793.0,212559409.0,21147.890000014067,30431.285714285714,0.03020855880617096
2019-12-31,India,0.0,0.0,0.0,1380004385.0,0.0,,
2020-01-01,India,0.0,0.0,0.0,1380004385.0,0.0,,
2020-01-02,India,0.0,0.0,0.0,1380004385.0,0.0,,
2020-01-03,India,0.0,0.0,0.0,1380004385.0,0.0,,
2020-01-04,India,0.0,0.0,0.0,1380004385.0,0.0,,
2020-01-05,India,0.0,0.0,0.0,1380004385.0,0.0,,
2020-01-06,India,0.0,0.0,0.0,1380004385.0,0.0,0.0,
2020-01-07,India,0.0,0.0,0.0,1380004385.0,0.0,0.0,
2020-01-08,India,0.0,0.0,0.0,1380004385.0,0.0,0.0,
2020-01-09,India,0.0,0.0,0.0,1380004385.0,0.0,0.0,
2020-01-10,India,0.0,0.0,0.0,1380004385.0,0.0,0.0,
2020-01-11,India,0.0,0.0,0.0,1380004385.0,0.0,0.0,
2020-01-12,India,0.0,0.0,0.0,1380004385.0,0.0,0.0,
2020-01-13,India,0.0,0.0,0.0,1380004385.0,0.0,0.0,
2020-01-14,India,0.0,0.0,0.0,1380004385.0,0.0,0.0,
2020-01-15,India,0.0,0.0,0.0,1380004385.0,0.0,0.0,
2020-01-16,India,0.0,0.0,0.0,1380004385.0,0.0,0.0,
2020-01-17,India,0.0,0.0,0.0,1380004385.0,0.0,0.0,
2020-01-18,India,0.0,0.0,0.0,1380004385.0,0.0,0.0,
2020-01-19,India,0.0,0.0,0.0,1380004385.0,0.0,0.0,
2020-01-20,India,0.0,0.0,0.0,1380004385.0,0.0,0.0,
2020-01-21,India,0.0,0.0,0.0,1380004385.0,0.0,0.0,
2020-01-22,India,0.0,0.0,0.0,1380004385.0,0.0,0.0,
2020-01-23,India,0.0,0.0,0.0,1380004385.0,0.0,0.0,
2020-01-24,India,0.0,0.0,0.0,1380004385.0,0.0,0.0,
2020-01-25,India,0.0,0.0,0.0,1380004385.0,0.0,0.0,
2020-01-26,India,0.0,0.0,0.0,1380004385.0,0.0,0.0,
2020-01-27,India,0.0,0.0,0.0,1380004385.0,0.0,0.0,
2020-01-28,India,0.0,0.0,0.0,1380004385.0,0.0,0.0,
2020-01-29,India,0.0,0.0,0.0,1380004385.0,0.0,0.0,
2020-01-30,India,1.0,1.0,0.0,1380004385.0,0.0007246353786042499,0.14285714285714285,0.0
2020-01-31,India,1.0,0.0,0.0,1380004385.0,0.0007246353786042499,0.14285714285714285,0.0
2020-02-01,India,1.0,0.0,0.0,1380004385.0,0.0007246353786042499,0.14285714285714285,0.0
2020-02-02,India,2.0,1.0,0.0,1380004385.0,0.0014492707572084998,0.2857142857142857,0.0
2020-02-03,India,2.0,0.0,0.0,1380004385.0,0.0014492707572084998,0.2857142857142857,0.0
2020-02-04,India,3.0,1.0,0.0,1380004385.0,0.0021739061358127493,0.42857142857142855,0.0
2020-02-05,India,3.0,0.0,0.0,1380004385.0,0.0021739061358127493,0.42857142857142855,0.0
2020-02-06,India,3.0,0.0,0.0,1380004385.0,0.0021739061358127493,0.2857142857142857,0.0
2020-02-07,India,3.0,0.0,0.0,1380004385.0,0.0021739061358127493,0.2857142857142857,0.0
2020-02-08,India,3.0,0.0,0.0,1380004385.0,0.0021739061358127493,0.2857142857142857,0.0
2020-02-09,India,3.0,0.0,0.0,1380004385.0,0.0021739061358127493,0.14285714285714285,0.0
2020-02-10,India,3.0,0.0,0.0,1380004385.0,0.0021739061358127493,0.14285714285714285,0.0
2020-02-11,India,3.0,0.0,0.0,1380004385.0,0.0021739061358127493,0.0,0.0
2020-02-12,India,3.0,0.0,0.0,1380004385.0,0.0021739061358127493,0.0,0.0
2020-02-13,India,3.0,0.0,0.0,1380004385.0,0.0021739061358127493,0.0,0.0
2020-02-14,India,3.0,0.0,0.0,1380004385.0,0.0021739061358127493,0.0,0.0
2020-02-15,India,3.0,0.0,0.0,1380004385.0,0.0021739061358127493,0.0,0.0
2020-02-16,India,3.0,0.0,0.0,1380004385.0,0.0021739061358127493,0.0,0.0
2020-02-17,India,3.0,0.0,0.0,1380004385.0,0.0021739061358127493,0.0,0.0
2020-02-18,India,3.0,0.0,0.0,1380004385.0,0.0021739061358127493,0.0,0.0
2020-02-19,India,3.0,0.0,0.0,1380004385.0,0.0021739061358127493,0.0,0.0
2020-02-20,India,3.0,0.0,0.0,1380004385.0,0.0021739061358127493,0.0,0.0
2020-02-21,India,3.0,0.0,0.0,1380004385.0,0.0021739061358127493,0.0,0.0
2020-02-22,India,3.0,0.0,0.0,1380004385.0,0.0021739061358127493,0.0,0.0
2020-02-23,India,3.0,0.0,0.0,1380004385.0,0.0021739061358127493,0.0,0.0
2020-02-24,India,3.0,0.0,0.0,1380004385.0,0.0021739061358127493,0.0,0.0
2020-02-25,India,3.0,0.0,0.0,1380004385.0,0.0021739061358127493,0.0,0.0
2020-02-26,India,3.0,0.0,0.0,1380004385.0,0.0021739061358127493,0.0,0.0
2020-02-27,India,3.0,0.0,0.0,1380004385.0,0.0021739061358127493,0.0,0.0
2020-02-28,India,3.0,0.0,0.0,1380004385.0,0.0021739061358127493,0.0,0.0
2020-02-29,India,3.0,0.0,0.0,1380004385.0,0.0021739061358127493,0.0,0.0
2020-03-01,India,3.0,0.0,0.0,1380004385.0,0.0021739061358127493,0.0,0.0
2020-03-02,India,3.0,0.0,0.0,1380004385.0,0.0021739061358127493,0.0,0.0
2020-03-03,India,5.0,2.0,0.0,1380004385.0,0.0036231768930212495,0.2857142857142857,0.0
2020-03-04,India,6.0,1.0,0.0,1380004385.0,0.0043478122716254985,0.42857142857142855,0.0
2020-03-05,India,28.0,22.0,0.0,1380004385.0,0.020289790600918997,3.5714285714285716,0.0
2020-03-06,India,29.0,1.0,0.0,1380004385.0,0.021014425979523247,3.7142857142857144,0.0
2020-03-07,India,31.0,2.0,0.0,1380004385.0,0.022463696736731747,4.0,0.0
2020-03-08,India,34.0,3.0,0.0,1380004385.0,0.024637602872544496,4.428571428571429,0.0
2020-03-10,India,44.0,10.0,0.0,1380004385.0,0.03188395665858699,5.857142857142857,0.0
2020-03-11,India,50.0,6.0,0.0,1380004385.0,0.03623176893021249,6.428571428571429,0.0
2020-03-12,India,73.0,23.0,0.0,1380004385.0,0.052898382638110246,9.571428571428571,0.0
2020-03-13,India,75.0,2.0,1.0,1380004385.0,0.054347653395318746,6.714285714285714,0.013333333333333334
2020-03-14,India,83.0,8.0,2.0,1380004385.0,0.06014473642415274,7.714285714285714,0.024096385542168676
2020-03-15,India,90.0,7.0,2.0,1380004385.0,0.06521718407438248,8.428571428571429,0.022222222222222223
2020-03-16,India,93.0,3.0,2.0,1380004385.0,0.06739109021019524,8.428571428571429,0.021505376344086023
2020-03-17,India,125.0,32.0,3.0,1380004385.0,0.09057942232553123,11.571428571428571,0.024
2020-03-18,India,137.0,12.0,3.0,1380004385.0,0.09927504686878223,12.428571428571429,0.021897810218978103
2020-03-19,India,165.0,28.0,3.0,1380004385.0,0.11956483746970123,13.142857142857142,0.01818181818181818
2020-03-20,India,191.0,26.0,4.0,1380004385.0,0.13840535731341172,16.571428571428573,0.020942408376963352
2020-03-21,India,231.0,40.0,4.0,1380004385.0,0.16739077245758172,21.142857142857142,0.017316017316017316
2020-03-22,India,320.0,89.0,4.0,1380004385.0,0.23188332115335997,32.857142857142854,0.0125
2020-03-23,India,439.0,119.0,7.0,1380004385.0,0.3181149312072657,49.42857142857143,0.015945330296127564
2020-03-24,India,492.0,53.0,9.0,1380004385.0,0.35652060627329096,52.42857142857143,0.018292682926829267
2020-03-25,India,562.0,70.0,9.0,1380004385.0,0.4072450827755884,60.714285714285715,0.01601423487544484
2020-03-26,India,649.0,87.0,13.0,1380004385.0,0.4702883607141582,69.14285714285714,0.020030816640986132
2020-03-27,India,724.0,75.0,17.0,1380004385.0,0.5246360141094769,76.14285714285714,0.023480662983425413
2020-03-28,India,873.0,149.0,19.0,1380004385.0,0.6326066855215101,91.71428571428571,0.021764032073310423
2020-03-29,India,979.0,106.0,25.0,1380004385.0,0.7094180356535605,94.14285714285714,0.02553626149131767
2020-03-30,India,1071.0,92.0,29.0,1380004385.0,0.7760844904851516,90.28571428571429,0.02707749766573296
2020-03-31,India,1251.0,180.0,32.0,1380004385.0,0.9065188586339167,108.42857142857143,0.025579536370903277
2020-04-01,India,1397.0,146.0,35.0,1380004385.0,1.0123156239101372,119.28571428571429,0.025053686471009307
2020-04-02,India,1965.0,568.0,50.0,1380004385.0,1.423908518957351,188.0,0.02544529262086514
2020-04-03,India,2301.0,336.0,56.0,1380004385.0,1.667386006168379,225.28571428571428,0.024337244676227728
2020-04-04,India,2902.0,601.0,68.0,1380004385.0,2.1028918687095333,289.85714285714283,0.02343211578221916
2020-04-05,India,3374.0,472.0,77.0,1380004385.0,2.444919767410739,342.14285714285717,0.022821576763485476
2020-04-06,India,4067.0,693.0,109.0,1380004385.0,2.9470920847834843,428.0,0.026801081878534545
2020-04-07,India,4421.0,354.0,114.0,1380004385.0,3.2036130088093886,452.85714285714283,0.02578602126215788
2020-04-08,India,5194.0,773.0,149.0,1380004385.0,3.763756156470474,542.4285714285714,0.02868694647670389
2020-04-09,India,5734.0,540.0,166.0,1380004385.0,4.155059260916769,538.4285714285714,0.028950122078828043
2020-04-10,India,6412.0,678.0,199.0,1380004385.0,4.64636204761045,587.2857142857143,0.031035558328134746
2020-04-11,India,7447.0,1035.0,239.0,1380004385.0,5.396359664465849,649.2857142857143,0.03209346045387404
2020-04-12,India,8356.0,909.0,273.0,1380004385.0,6.0550532236171115,711.7142857142857,0.03267113451412159
2020-04-13,India,9152.0,796.0,308.0,1380004385.0,6.631862984986095,726.4285714285714,0.03365384615384615
2020-04-14,India,10363.0,1211.0,339.0,1380004385.0,7.509396428475842,848.8571428571429,0.03271253498021808
2020-04-15,India,11438.0,1075.0,377.0,1380004385.0,8.28837946047541,892.0,0.03296030774610946
2020-04-16,India,12380.0,942.0,414.0,1380004385.0,8.970985987120613,949.4285714285714,0.03344103392568659
2020-04-17,India,13387.0,1007.0,437.0,1380004385.0,9.700693813375093,996.4285714285714,0.0326436094718757
2020-04-18,India,14378.0,991.0,480.0,1380004385.0,10.418807473571905,990.1428571428571,0.033384337181805536
2020-04-19,India,15712.0,1334.0,507.0,1380004385.0,11.385471068629974,1050.857142857143,0.032268329938900206
2020-04-20,India,17265.0,1553.0,543.0,1380004385.0,12.510829811602374,1159.0,0.031450912250217206
2020-04-21,India,18600.0,1335.0,590.0,1380004385.0,13.478218042039048,1176.7142857142858,0.031720430107526884
2020-04-22,India,19984.0,1384.0,640.0,1380004385.0,14.48111340602733,1220.857142857143,0.032025620496397116
2020-04-23,India,21393.0,1409.0,681.0,1380004385.0,15.502124654480715,1287.5714285714287,0.031832842518580845
2020-04-24,India,23077.0,1684.0,718.0,1380004385.0,16.722410632050273,1384.2857142857142,0.031113229622567923
2020-04-25,India,24506.0,1429.0,775.0,1380004385.0,17.757914588075746,1446.857142857143,0.03162490818575043
2020-04-26,India,26496.0,1990.0,824.0,1380004385.0,19.199938991498204,1540.5714285714287,0.03109903381642512
2020-04-27,India,27892.0,1396.0,872.0,1380004385.0,20.211529980029738,1518.142857142857,0.03126344471533056
2020-04-28,India,29435.0,1543.0,934.0,1380004385.0,21.329642369216096,1547.857142857143,0.03173093256327501
2020-04-29,India,31332.0,1897.0,1007.0,1380004385.0,22.704275682428356,1621.142857142857,0.032139665517681604
2020-04-30,India,33050.0,1718.0,1074.0,1380004385.0,23.949199262870458,1665.2857142857142,0.03249621785173979
2020-05-01,India,35043.0,1993.0,1147.0,1380004385.0,25.393397572428725,1709.4285714285713,0.032731215934708784
2020-05-02,India,37336.0,2293.0,1218.0,1380004385.0,27.054986495568272,1832.857142857143,0.032622669809299336
2020-05-03,India,39980.0,2644.0,1301.0,1380004385.0,28.97092243659791,1926.2857142857142,0.03254127063531766
2020-05-04,India,42533.0,2553.0,1373.0,1380004385.0,30.82091655817456,2091.5714285714284,0.032280817247784074
2020-05-05,India,46433.0,3900.0,1568.0,1380004385.0,33.646994534731135,2428.285714285714,0.033769086640966554
2020-05-06,India,49391.0,2958.0,1694.0,1380004385.0,35.7904659846425,2579.8571428571427,0.034297746553015734
2020-05-07,India,52952.0,3561.0,1783.0,1380004385.0,38.37089256785224,2843.1428571428573,0.03367200483456716
2020-05-08,India,56342.0,3390.0,1886.0,1380004385.0,40.82740650132065,3042.714285714286,0.033474140073124846
2020-05-09,India,59662.0,3320.0,1981.0,1380004385.0,43.23319595828676,3189.4285714285716,0.033203714256980994
2020-05-10,India,62939.0,3277.0,2109.0,1380004385.0,45.60782609397288,3279.8571428571427,0.033508635345334374
2020-05-11,India,67152.0,4213.0,2206.0,1380004385.0,48.66071494403259,3517.0,0.032850845842268286
2020-05-12,India,70756.0,3604.0,2293.0,1380004385.0,51.2723008485223,3474.714285714286,0.03240714568375827
2020-05-13,India,74281.0,3525.0,2415.0,1380004385.0,53.826640558102284,3555.714285714286,0.03251167862575894
2020-05-14,India,78003.0,3722.0,2549.0,1380004385.0,56.5237334372673,3578.714285714286,0.0326782303244747
2020-05-15,India,81970.0,3967.0,2649.0,1380004385.0,59.39836198419036,3661.1428571428573,0.03231670123215811
2020-05-16,India,85940.0,3970.0,2752.0,1380004385.0,62.27516443724924,3754.0,0.032022341168256925
2020-05-17,India,90927.0,4987.0,2872.0,1380004385.0,65.88892107034863,3998.285714285714,0.03158577760181244
2020-05-18,India,96169.0,5242.0,3029.0,1380004385.0,69.68745972499211,4145.285714285715,0.03149663613014589
2020-05-19,India,101139.0,4970.0,3163.0,1380004385.0,73.28889755665523,4340.428571428572,0.03127379151464816
2020-05-20,India,106750.0,5611.0,3303.0,1380004385.0,77.35482666600367,4638.428571428572,0.030941451990632318
2020-05-21,India,112359.0,5609.0,3435.0,1380004385.0,81.41930650459491,4908.0,0.030571649801084025
2020-05-22,India,118447.0,6088.0,3583.0,1380004385.0,85.83088668953759,5211.0,0.030249816373567925
2020-05-23,India,125101.0,6654.0,3720.0,1380004385.0,90.65261049877027,5594.428571428572,0.029735973333546495
2020-05-24,India,131868.0,6767.0,3867.0,1380004385.0,95.55621810578523,5848.714285714285,0.029324779324779324
2020-05-25,India,138845.0,6977.0,4021.0,1380004385.0,100.61199914230707,6096.571428571428,0.028960351471064856
2020-05-26,India,145380.0,6535.0,4167.0,1380004385.0,105.34749134148583,6320.142857142857,0.02866281469252992
2020-05-27,India,151767.0,6387.0,4337.0,1380004385.0,109.9757375046312,6431.0,0.02857669980957652
2020-05-28,India,158333.0,6566.0,4531.0,1380004385.0,114.7336934005467,6567.714285714285,0.02861690235137337
2020-05-29,India,165799.0,7466.0,4706.0,1380004385.0,120.14382113720602,6764.571428571428,0.028383765885198343
2020-05-30,India,173763.0,7964.0,4971.0,1380004385.0,125.91481729241026,6951.714285714285,0.028607931492895495
2020-05-31,India,182143.0,8380.0,5164.0,1380004385.0,131.98726176511389,7182.142857142857,0.02835135031266642
2020-06-01,India,190535.0,8392.0,5394.0,1380004385.0,138.06840186236076,7384.285714285715,0.028309759361797044
2020-06-02,India,198706.0,8171.0,5598.0,1380004385.0,143.98939754093607,7618.0,0.028172274616770507
2020-06-03,India,207615.0,8909.0,5815.0,1380004385.0,150.44517412892134,7978.285714285715,0.028008573561640538
2020-06-04,India,216919.0,9304.0,6075.0,1380004385.0,157.18718169145527,8369.42857142857,0.028005845499933155
2020-06-05,India,226770.0,9851.0,6348.0,1380004385.0,164.32556480608574,8710.142857142857,0.027993120783172377
2020-06-06,India,236657.0,9887.0,6642.0,1380004385.0,171.49003479434595,8984.857142857143,0.028065935087489488
2020-06-07,India,246628.0,9971.0,6929.0,1380004385.0,178.71537415440892,9212.142857142857,0.028094944612939324
2020-06-08,India,256611.0,9983.0,7135.0,1380004385.0,185.94940913901516,9439.42857142857,0.027804731675571195
2020-06-09,India,266598.0,9987.0,7466.0,1380004385.0,193.1863426651358,9698.857142857143,0.028004711213137384
2020-06-10,India,276583.0,9985.0,7745.0,1380004385.0,200.42182692049926,9852.57142857143,0.028002444112617188
2020-06-11,India,286579.0,9996.0,8102.0,1380004385.0,207.66528216502732,9951.42857142857,0.028271436497440496
2020-06-12,India,297535.0,10956.0,8498.0,1380004385.0,215.6043873730155,10109.285714285714,0.028561345724032468
2020-06-13,India,308993.0,11458.0,8884.0,1380004385.0,223.90725954106298,10333.714285714286,0.028751460389070303
2020-06-14,India,320922.0,11929.0,9195.0,1380004385.0,232.55143497243307,10613.42857142857,0.02865182193804102
2020-06-15,India,332424.0,11502.0,9520.0,1380004385.0,240.88619109713918,10830.42857142857,0.028638124804466585
2020-06-16,India,343091.0,10667.0,9900.0,1380004385.0,248.6158766807107,10927.57142857143,0.028855318268331143
2020-06-17,India,354065.0,10974.0,11903.0,1380004385.0,256.56802532551376,11068.857142857143,0.0336181209664892
2020-06-18,India,366946.0,12881.0,12237.0,1380004385.0,265.9020536373151,11481.0,0.03334823107487205
2020-06-19,India,380532.0,13586.0,12573.0,1380004385.0,275.74694989103244,11856.714285714286,0.03304058528586295
2020-06-20,India,395048.0,14516.0,12948.0,1380004385.0,286.2657570468517,12293.57142857143,0.032775763957797535
2020-06-21,India,410461.0,15413.0,13254.0,1380004385.0,297.434562137279,12791.285714285714,0.03229052212025016
2020-06-22,India,425282.0,14821.0,13699.0,1380004385.0,308.1743830835726,13265.42857142857,0.032211567853800534
2020-06-23,India,440215.0,14933.0,14011.0,1380004385.0,318.99536319226985,13874.857142857143,0.031827629680951354
2020-06-24,India,456183.0,15968.0,14476.0,1380004385.0,330.5663409178225,14588.285714285714,0.031732879129647534
2020-06-25,India,473105.0,16922.0,14894.0,1380004385.0,342.8286207945636,15165.57142857143,0.03148138362519948
2020-06-26,India,490401.0,17296.0,15301.0,1380004385.0,355.36191430290273,15695.57142857143,0.031200996735324765
2020-06-27,India,508953.0,18552.0,15685.0,1380004385.0,368.80534984676876,16272.142857142857,0.030818169850654185
2020-06-28,India,528859.0,19906.0,16095.0,1380004385.0,383.229941693265,16914.0,0.030433442562195216
2020-06-29,India,548318.0,19459.0,16475.0,1380004385.0,397.3306215255251,17576.571428571428,0.03004643290937011
2020-06-30,India,566840.0,18522.0,16893.0,1380004385.0,410.752318008033,18089.285714285714,0.029802060546185873
2020-07-01,India,585493.0,18653.0,17400.0,1380004385.0,424.26894172513806,18472.85714285714,0.02971854488439657
2020-07-02,India,604641.0,19148.0,17834.0,1380004385.0,438.1442599546523,18790.85714285714,0.029495188053737673
2020-07-03,India,625544.0,20903.0,18213.0,1380004385.0,453.2913132736169,19306.14285714286,0.029115457905439106
2020-07-04,India,648315.0,22771.0,18655.0,1380004385.0,469.79198547981423,19908.85714285714,0.028774592597734128
2020-07-05,India,673165.0,24850.0,19268.0,1380004385.0,487.7991746381299,20615.14285714286,0.02862299733349179
2020-07-06,India,697413.0,24248.0,19693.0,1380004385.0,505.37013329852573,21299.285714285714,0.028237213817350695
2020-07-07,India,719665.0,22252.0,20160.0,1380004385.0,521.4947197432275,21832.14285714286,0.028013033842134882
2020-07-08,India,742417.0,22752.0,20642.0,1380004385.0,537.9816238772313,22417.714285714286,0.02780378143280663
2020-07-09,India,767296.0,24879.0,21129.0,1380004385.0,556.0098274615265,23236.428571428572,0.0275369609642172
2020-07-10,India,793802.0,26506.0,21604.0,1380004385.0,575.2170128068108,24036.85714285714,0.027215854835336773
2020-07-11,India,820916.0,27114.0,22123.0,1380004385.0,594.8647764622864,24657.285714285714,0.02694916410448816
2020-07-12,India,849553.0,28637.0,22674.0,1380004385.0,615.6161597993762,25198.285714285714,0.026689329565077163
2020-07-13,India,878254.0,28701.0,23174.0,1380004385.0,636.4139198006968,25834.428571428572,0.0263864440127799
2020-07-14,India,906752.0,28498.0,23727.0,1380004385.0,657.0645788201608,26726.714285714286,0.026167022515527952
2020-07-15,India,936181.0,29429.0,24309.0,1380004385.0,678.3898733771052,27680.571428571428,0.02596613261751734
2020-07-16,India,968876.0,32695.0,24915.0,1380004385.0,702.0818270805712,28797.14285714286,0.02571536502091083
2020-07-17,India,1003832.0,34956.0,25602.0,1380004385.0,727.4121813750613,30004.285714285714,0.025504267646379076
2020-07-18,India,1038716.0,34884.0,26273.0,1380004385.0,752.690361922292,31114.285714285714,0.025293728025754875
2020-07-19,India,1077618.0,38902.0,26816.0,1380004385.0,780.8801274207545,32580.714285714286,0.02488451380730463
2020-07-20,India,1118043.0,40425.0,27497.0,1380004385.0,810.1735126008314,34255.57142857143,0.024593866246647042
2020-07-21,India,1155191.0,37148.0,28084.0,1380004385.0,837.0922676452219,35491.28571428572,0.024311131232843747
2020-07-22,India,1192915.0,37724.0,28732.0,1380004385.0,864.4284126676887,36676.28571428572,0.0240855383661032
2020-07-23,India,1238635.0,45720.0,29861.0,1380004385.0,897.5587421774751,38537.0,0.024107989843658542
2020-07-24,India,1287945.0,49310.0,30601.0,1380004385.0,933.2905126964506,40587.57142857143,0.023759554949939633
2020-07-25,India,1336861.0,48916.0,31358.0,1380004385.0,968.7367768762562,42592.142857142855,0.023456440123543136
2020-07-26,India,1385522.0,48661.0,32063.0,1380004385.0,1003.9982590345174,43986.28571428572,0.023141458598275596
2020-07-27,India,1435453.0,49931.0,32771.0,1380004385.0,1040.1800281236062,45344.28571428572,0.022829726922441906
2020-07-28,India,1483156.0,47703.0,33425.0,1380004385.0,1074.7473095891648,46852.142857142855,0.022536402104701057
2020-07-29,India,1531669.0,48513.0,34193.0,1380004385.0,1109.9015457113928,48393.42857142857,0.022324013869837414
2020-07-30,India,1583792.0,52123.0,34968.0,1380004385.0,1147.671715550382,49308.142857142855,0.022078656793316293
2020-07-31,India,1638870.0,55078.0,35747.0,1380004385.0,1187.583182933147,50132.142857142855,0.02181198020587356
2020-08-01,India,1695988.0,57118.0,36511.0,1380004385.0,1228.9729064882645,51303.857142857145,0.021527864583947526
2020-08-02,India,1750723.0,54735.0,37364.0,1380004385.0,1268.6358239361682,52171.57142857143,0.021342039831543883
2020-08-03,India,1803695.0,52972.0,38135.0,1380004385.0,1307.0212092115926,52606.0,0.021142709826217847
2020-08-04,India,1855745.0,52050.0,38938.0,1380004385.0,1344.7384806679436,53227.0,0.020982408682227352
2020-08-05,India,1908254.0,52509.0,39795.0,1380004385.0,1382.7883597630741,53797.857142857145,0.020854142058656763
2020-08-06,India,1964536.0,56282.0,40699.0,1380004385.0,1423.5722881416787,54392.0,0.020716851205577296
2020-08-07,India,2027074.0,62538.0,41585.0,1380004385.0,1468.8895354488313,55457.71428571428,0.02051479127057029
2020-08-08,India,2088611.0,61537.0,42518.0,1380004385.0,1513.481422742001,56089.0,0.02035706984211038
2020-08-09,India,2153010.0,64399.0,43379.0,1380004385.0,1560.147216488736,57469.57142857143,0.020148071769290437
2020-08-10,India,2215074.0,62064.0,44386.0,1380004385.0,1605.12098662643,58768.42857142857,0.020038156738781638
2020-08-11,India,2268675.0,53601.0,45257.0,1380004385.0,1643.9621675549965,58990.0,0.01994864844016882
2020-08-12,India,2329638.0,60963.0,46091.0,1380004385.0,1688.1381141408474,60197.71428571428,0.019784618897871687
2020-08-13,India,2396637.0,66999.0,47033.0,1380004385.0,1736.6879598719536,61728.71428571428,0.019624582279252137
2020-08-14,India,2461190.0,64553.0,48040.0,1380004385.0,1783.4653474669938,62016.57142857143,0.019519013160300504
2020-08-15,India,2526192.0,65002.0,49036.0,1380004385.0,1830.5680963470272,62511.57142857143,0.01941103447402256
2020-08-16,India,2589682.0,63490.0,49980.0,1380004385.0,1876.575196534611,62381.71428571428,0.01929966690891005
2020-08-17,India,2647663.0,57981.0,50921.0,1380004385.0,1918.590280421464,61798.42857142857,0.01923243252634493
2020-08-18,India,2702742.0,55079.0,51797.0,1380004385.0,1958.5024724396073,62009.57142857143,0.019164611346551022
2020-08-19,India,2767273.0,64531.0,52889.0,1380004385.0,2005.2639180563183,62519.28571428572,0.01911231743308304
2020-08-20,India,2836925.0,69652.0,53866.0,1380004385.0,2055.7362214468617,62898.28571428572,0.018987460013923527
2020-08-21,India,2905823.0,68898.0,54849.0,1380004385.0,2105.662149761937,63519.0,0.018875547478287562
2020-08-22,India,2975701.0,69878.0,55794.0,1380004385.0,2156.298220748045,64215.57142857143,0.018749867678237834
2020-08-23,India,3044940.0,69239.0,56706.0,1380004385.0,2206.471249727225,65036.857142857145,0.01862302705472029
2020-08-24,India,3106348.0,61408.0,57542.0,1380004385.0,2250.9696590565545,65526.42857142857,0.018524003105897986
2020-08-25,India,3167323.0,60975.0,58390.0,1380004385.0,2295.1543012669486,66368.71428571429,0.018435126445897686
2020-08-26,India,3234474.0,67151.0,59449.0,1380004385.0,2343.8142915756025,66743.0,0.018379804567914288
2020-08-27,India,3310234.0,75760.0,60472.0,1380004385.0,2398.7126678586606,67615.57142857143,0.018268194937276338
2020-08-28,India,3387500.0,77266.0,61529.0,1380004385.0,2454.7023450218967,68811.0,0.018163542435424354
2020-08-29,India,3463972.0,76472.0,62550.0,1380004385.0,2510.1166616945206,69753.0,0.018057305313091444
2020-08-30,India,3542733.0,78761.0,63498.0,1380004385.0,2567.18966874877,71113.28571428571,0.017923450624136788
2020-08-31,India,3621245.0,78512.0,64469.0,1380004385.0,2624.082241593747,73556.71428571429,0.017802993169476245
2020-09-01,India,3691166.0,69921.0,65228.0,1380004385.0,2674.7494719011347,74834.71428571429,0.01767138080487304
2020-09-02,India,3769523.0,78357.0,66333.0,1380004385.0,2731.5297262624276,76435.57142857143,0.017597186699749544
2020-09-03,India,3853406.0,83883.0,67376.0,1380004385.0,2792.314315725888,77596.0,0.017484791376771613
2020-09-04,India,3936747.0,83341.0,68472.0,1380004385.0,2852.706152814145,78463.85714285714,0.017393040497649455
2020-09-05,India,4023179.0,86432.0,69561.0,1380004385.0,2915.3378378576676,79886.71428571429,0.017290058433890216
2020-09-06,India,4113811.0,90632.0,70626.0,1380004385.0,2981.0129914913277,81582.57142857143,0.017168022546490348
2020-09-07,India,4204613.0,90802.0,71642.0,1380004385.0,3046.8113331393506,83338.28571428571,0.01703890465067772
2020-09-08,India,4280422.0,75809.0,72775.0,1380004385.0,3101.7452165559607,84179.42857142857,0.01700182832440353
2020-09-09,India,4370128.0,89706.0,73890.0,1380004385.0,3166.749357829033,85800.71428571429,0.016907971574287983
2020-09-10,India,4465863.0,95735.0,75062.0,1380004385.0,3236.1223257997112,87493.85714285714,0.016807949549728685
2020-09-11,India,4562414.0,96551.0,76271.0,1380004385.0,3306.0865962393304,89381.0,0.01671724661549785
2020-09-12,India,4659984.0,97570.0,77472.0,1380004385.0,3376.7892701297465,90972.14285714286,0.016624949785235314
2020-09-13,India,4754356.0,94372.0,78586.0,1380004385.0,3445.174560079387,91506.42857142857,0.016529262848638177
2020-09-14,India,4846427.0,92071.0,79722.0,1380004385.0,3511.892464022859,91687.71428571429,0.01644964424306814
2020-09-15,India,4930236.0,83809.0,80776.0,1380004385.0,3572.6234304683026,92830.57142857143,0.01638379988300763
2020-09-16,India,5020359.0,90123.0,82066.0,1380004385.0,3637.9297446942533,92890.14285714286,0.01634663975225676
2020-09-17,India,5118253.0,97894.0,83198.0,1380004385.0,3708.867200447338,93198.57142857143,0.016255155811953807
2020-09-18,India,5214677.0,96424.0,84372.0,1380004385.0,3778.7394421938743,93180.42857142857,0.016179717363127188
2020-09-19,India,5308014.0,93337.0,85619.0,1380004385.0,3846.374734526659,92575.71428571429,0.016130138315385
2019-12-31,United States,0.0,0.0,0.0,331002647.0,0.0,,
2020-01-01,United States,0.0,0.0,0.0,331002647.0,0.0,,
2020-01-02,United States,0.0,0.0,0.0,331002647.0,0.0,,
2020-01-03,United States,0.0,0.0,0.0,331002647.0,0.0,,
2020-01-04,United States,0.0,0.0,0.0,331002647.0,0.0,,
2020-01-05,United States,0.0,0.0,0.0,331002647.0,0.0,,
2020-01-06,United States,0.0,0.0,0.0,331002647.0,0.0,0.0,
2020-01-07,United States,0.0,0.0,0.0,331002647.0,0.0,0.0,
2020-01-08,United States,0.0,0.0,0.0,331002647.0,0.0,0.0,
2020-01-09,United States,0.0,0.0,0.0,331002647.0,0.0,0.0,
2020-01-10,United States,0.0,0.0,0.0,331002647.0,0.0,0.0,
2020-01-11,United States,0.0,0.0,0.0,331002647.0,0.0,0.0,
2020-01-12,United States,0.0,0.0,0.0,331002647.0,0.0,0.0,
2020-01-13,United States,0.0,0.0,0.0,331002647.0,0.0,0.0,
2020-01-14,United States,0.0,0.0,0.0,331002647.0,0.0,0.0,
2020-01-15,United States,0.0,0.0,0.0,331002647.0,0.0,0.0,
2020-01-16,United States,0.0,0.0,0.0,331002647.0,0.0,0.0,
2020-01-17,United States,0.0,0.0,0.0,331002647.0,0.0,0.0,
2020-01-18,United States,0.0,0.0,0.0,331002647.0,0.0,0.0,
2020-01-19,United States,0.0,0.0,0.0,331002647.0,0.0,0.0,
2020-01-20,United States,0.0,0.0,0.0,331002647.0,0.0,0.0,
2020-01-21,United States,1.0,1.0,0.0,331002647.0,0.003021123876390028,0.14285714285714285,0.0
2020-01-22,United States,1.0,0.0,0.0,331002647.0,0.003021123876390028,0.14285714285714285,0.0
2020-01-23,United States,1.0,0.0,0.0,331002647.0,0.003021123876390028,0.14285714285714285,0.0
2020-01-24,United States,1.0,0.0,0.0,331002647.0,0.003021123876390028,0.14285714285714285,0.0
2020-01-25,United States,2.0,1.0,0.0,331002647.0,0.006042247752780056,0.2857142857142857,0.0
2020-01-26,United States,2.0,0.0,0.0,331002647.0,0.006042247752780056,0.2857142857142857,0.0
2020-01-27,United States,5.0,3.0,0.0,331002647.0,0.015105619381950139,0.7142857142857143,0.0
2020-01-28,United States,5.0,0.0,0.0,331002647.0,0.015105619381950139,0.5714285714285714,0.0
2020-01-29,United States,5.0,0.0,0.0,331002647.0,0.015105619381950139,0.5714285714285714,0.0
2020-01-30,United States,5.0,0.0,0.0,331002647.0,0.015105619381950139,0.5714285714285714,0.0
2020-01-31,United States,6.0,1.0,0.0,331002647.0,0.018126743258340166,0.7142857142857143,0.0
2020-02-01,United States,7.0,1.0,0.0,331002647.0,0.021147867134730193,0.7142857142857143,0.0
2020-02-02,United States,8.0,1.0,0.0,331002647.0,0.024168991011120224,0.8571428571428571,0.0
2020-02-03,United States,11.0,3.0,0.0,331002647.0,0.0332323626402903,0.8571428571428571,0.0
2020-02-04,United States,11.0,0.0,0.0,331002647.0,0.0332323626402903,0.8571428571428571,0.0
2020-02-05,United States,11.0,0.0,0.0,331002647.0,0.0332323626402903,0.8571428571428571,0.0
2020-02-06,United States,12.0,1.0,0.0,331002647.0,0.03625348651668033,1.0,0.0
2020-02-07,United States,12.0,0.0,0.0,331002647.0,0.03625348651668033,0.8571428571428571,0.0
2020-02-08,United States,12.0,0.0,0.0,331002647.0,0.03625348651668033,0.7142857142857143,0.0
2020-02-09,United States,12.0,0.0,0.0,331002647.0,0.03625348651668033,0.5714285714285714,0.0
2020-02-10,United States,12.0,0.0,0.0,331002647.0,0.03625348651668033,0.14285714285714285,0.0
2020-02-11,United States,13.0,1.0,0.0,331002647.0,0.039274610393070356,0.2857142857142857,0.0
2020-02-12,United States,13.0,0.0,0.0,331002647.0,0.039274610393070356,0.2857142857142857,0.0
2020-02-13,United States,14.0,1.0,0.0,331002647.0,0.042295734269460386,0.2857142857142857,0.0
2020-02-14,United States,15.0,1.0,0.0,331002647.0,0.04531685814585042,0.42857142857142855,0.0
2020-02-15,United States,15.0,0.0,0.0,331002647.0,0.04531685814585042,0.42857142857142855,0.0
2020-02-16,United States,15.0,0.0,0.0,331002647.0,0.04531685814585042,0.42857142857142855,0.0
2020-02-17,United States,15.0,0.0,0.0,331002647.0,0.04531685814585042,0.42857142857142855,0.0
2020-02-18,United States,15.0,0.0,0.0,331002647.0,0.04531685814585042,0.2857142857142857,0.0
2020-02-19,United States,15.0,0.0,0.0,331002647.0,0.04531685814585042,0.2857142857142857,0.0
2020-02-20,United States,15.0,0.0,0.0,331002647.0,0.04531685814585042,0.14285714285714285,0.0
2020-02-21,United States,16.0,1.0,0.0,331002647.0,0.04833798202224045,0.14285714285714285,0.0
2020-02-22,United States,35.0,19.0,0.0,331002647.0,0.10573933567365097,2.857142857142857,0.0
2020-02-23,United States,35.0,0.0,0.0,331002647.0,0.10573933567365097,2.857142857142857,0.0
2020-02-24,United States,35.0,0.0,0.0,331002647.0,0.10573933567365097,2.857142857142857,0.0
2020-02-25,United States,53.0,18.0,0.0,331002647.0,0.16011956544867145,5.428571428571429,0.0
2020-02-26,United States,53.0,0.0,0.0,331002647.0,0.16011956544867145,5.428571428571429,0.0
2020-02-27,United States,59.0,6.0,0.0,331002647.0,0.17824630870701166,6.285714285714286,0.0
2020-02-28,United States,60.0,1.0,0.0,331002647.0,0.18126743258340167,6.285714285714286,0.0
2020-02-29,United States,66.0,6.0,0.0,331002647.0,0.19939417584174185,4.428571428571429,0.0
2020-03-01,United States,69.0,3.0,1.0,331002647.0,0.2084575474709119,4.857142857142857,0.014492753623188406
2020-03-02,United States,89.0,20.0,2.0,331002647.0,0.26888002499871244,7.714285714285714,0.02247191011235955
2020-03-03,United States,103.0,14.0,6.0,331002647.0,0.31117575926817287,7.142857142857143,0.05825242718446602
2020-03-04,United States,125.0,22.0,9.0,331002647.0,0.3776404845487535,10.285714285714286,0.072
2020-03-05,United States,159.0,34.0,11.0,331002647.0,0.4803586963460144,14.285714285714286,0.06918238993710692
2020-03-06,United States,233.0,74.0,12.0,331002647.0,0.7039218631988765,24.714285714285715,0.05150214592274678
2020-03-07,United States,338.0,105.0,14.0,331002647.0,1.0211398702198295,38.857142857142854,0.04142011834319527
2020-03-08,United States,433.0,95.0,17.0,331002647.0,1.308146638476882,52.0,0.03926096997690531
2020-03-09,United States,554.0,121.0,21.0,331002647.0,1.6737026275200753,66.42857142857143,0.03790613718411552
2020-03-10,United States,754.0,200.0,26.0,331002647.0,2.277927402798081,93.0,0.034482758620689655
2020-03-11,United States,1025.0,271.0,28.0,331002647.0,3.0966519732997786,128.57142857142858,0.027317073170731707
2020-03-12,United States,1312.0,287.0,30.0,331002647.0,3.9637145258237165,164.71428571428572,0.022865853658536585
2020-03-13,United States,1663.0,351.0,40.0,331002647.0,5.024129006436616,204.28571428571428,0.024052916416115455
2020-03-14,United States,2174.0,511.0,47.0,331002647.0,6.56792330727192,262.2857142857143,0.021619135234590615
2020-03-15,United States,2951.0,777.0,57.0,331002647.0,8.915336559226972,359.7142857142857,0.0193154862758387
2020-03-16,United States,3774.0,823.0,69.0,331002647.0,11.401721509495964,460.0,0.018282988871224166
2020-03-17,United States,4661.0,887.0,85.0,331002647.0,14.08145838785392,558.1428571428571,0.018236429950654366
2020-03-18,United States,6427.0,1766.0,108.0,331002647.0,19.41676315355871,771.7142857142857,0.016804107670763964
2020-03-19,United States,9415.0,2988.0,150.0,331002647.0,28.443881296212112,1157.5714285714287,0.015932023366967606
2020-03-20,United States,14250.0,4835.0,150.0,331002647.0,43.051015238557895,1798.142857142857,0.010526315789473684
2020-03-21,United States,19624.0,5374.0,260.0,331002647.0,59.286534950277904,2492.8571428571427,0.013249082755809213
2020-03-22,United States,26747.0,7123.0,340.0,331002647.0,80.80600032180408,3399.4285714285716,0.012711705985718025
2020-03-23,United States,35206.0,8459.0,471.0,331002647.0,106.36168719218732,4490.285714285715,0.013378401408850764
2020-03-24,United States,46442.0,11236.0,590.0,331002647.0,140.30703506730566,5968.714285714285,0.012704017914818483
2020-03-25,United States,55231.0,8789.0,801.0,331002647.0,166.85969281689762,6972.0,0.014502724918976662
2020-03-26,United States,69194.0,13963.0,1050.0,331002647.0,209.04364550293158,8539.857142857143,0.015174726132323612
2020-03-27,United States,85991.0,16797.0,1296.0,331002647.0,259.7894632546549,10248.714285714286,0.015071344675605586
2020-03-28,United States,104686.0,18695.0,1707.0,331002647.0,316.26937412376645,12151.714285714286,0.0163059052786428
2020-03-29,United States,124665.0,19979.0,2191.0,331002647.0,376.6284080501628,13988.285714285714,0.01757510127140737
2020-03-30,United States,143025.0,18360.0,2509.0,331002647.0,432.0962424206837,15402.714285714286,0.01754238769445901
2020-03-31,United States,164620.0,21595.0,3170.0,331002647.0,497.33741253132644,16882.571428571428,0.01925646944478192
2020-04-01,United States,189618.0,24998.0,4079.0,331002647.0,572.8594671933242,19198.14285714286,0.021511670832937802
2020-04-02,United States,216721.0,27103.0,5138.0,331002647.0,654.7409876151232,21075.285714285714,0.023707900941763834
2020-04-03,United States,245540.0,28819.0,6053.0,331002647.0,741.8067566088074,22792.714285714286,0.024651787896065813
2020-04-04,United States,277965.0,32425.0,7157.0,331002647.0,839.7666983007541,24754.14285714286,0.02574784595182847
2020-04-05,United States,312237.0,34272.0,8501.0,331002647.0,943.3066557923931,26796.0,0.027226113497119175
2020-04-06,United States,337635.0,25398.0,9647.0,331002647.0,1020.0371600049472,27801.428571428572,0.028572274793786188
2020-04-07,United States,368196.0,30561.0,10989.0,331002647.0,1112.3657267913027,29082.285714285714,0.029845517061565036
2020-04-08,United States,398809.0,30613.0,12895.0,331002647.0,1204.8513920192304,29884.428571428572,0.03233377381152381
2020-04-09,United States,432132.0,33323.0,14817.0,331002647.0,1305.5243029521755,30773.0,0.0342881341812224
2020-04-10,United States,466033.0,33901.0,16690.0,331002647.0,1407.943423485674,31499.0,0.035812914536095086
2020-04-11,United States,501560.0,35527.0,18777.0,331002647.0,1515.2748914421823,31942.14285714286,0.03743719594864024
2020-04-12,United States,529951.0,28391.0,20608.0,331002647.0,1601.0476194167716,31102.0,0.038886614045449484
2020-04-13,United States,557571.0,27620.0,22108.0,331002647.0,1684.4910608826642,31419.428571428572,0.03965055571398082
2020-04-14,United States,582594.0,25023.0,23649.0,331002647.0,1760.088643641572,30628.285714285714,0.0405925910668493
2020-04-15,United States,609516.0,26922.0,26057.0,331002647.0,1841.4233406417443,30101.0,0.04275031336338997
2020-04-16,United States,639664.0,30148.0,30985.0,331002647.0,1932.5041832671507,29647.428571428572,0.04843949323394782
2020-04-17,United States,671331.0,31667.0,33284.0,331002647.0,2028.1741130607936,29328.285714285714,0.049579119689095244
2020-04-18,United States,702164.0,30833.0,37054.0,331002647.0,2121.3244255415275,28657.714285714286,0.05277114748121522
2020-04-19,United States,735086.0,32922.0,38910.0,331002647.0,2220.78586580004,29305.0,0.052932582038020044
2020-04-20,United States,759687.0,24601.0,40682.0,331002647.0,2295.108534283111,28873.714285714286,0.053551001925793124
2020-04-21,United States,787752.0,28065.0,42539.0,331002647.0,2379.896375873997,29308.285714285714,0.054000497618539846
2020-04-22,United States,825041.0,37289.0,45063.0,331002647.0,2492.551064100705,30789.285714285714,0.05461910377787286
2020-04-23,United States,842629.0,17588.0,46784.0,331002647.0,2545.686590838653,28995.0,0.05552146911630148
2020-04-24,United States,869172.0,26543.0,49963.0,331002647.0,2625.876281889673,28263.0,0.05748344401338285
2020-04-25,United States,890524.0,21352.0,51017.0,331002647.0,2690.383318898353,26908.571428571428,0.05728874235843166
2020-04-26,United States,939053.0,48529.0,53189.0,331002647.0,2836.995439495685,29138.14285714286,0.056641105454111745
2020-04-27,United States,965910.0,26857.0,54876.0,331002647.0,2918.133763443892,29460.428571428572,0.05681274652917974
2020-04-28,United States,988451.0,22541.0,56245.0,331002647.0,2986.2329167415996,28671.285714285714,0.056902163081427405
2020-04-29,United States,1012583.0,24132.0,58355.0,331002647.0,3059.1386781266438,26791.714285714286,0.057629843677012155
2020-04-30,United States,1039909.0,27326.0,60966.0,331002647.0,3141.6939091728773,28182.85714285714,0.05862628364597287
2020-05-01,United States,1069826.0,29917.0,63006.0,331002647.0,3232.076872182838,28664.85714285714,0.058893689254140395
2020-05-02,United States,1103781.0,33955.0,65068.0,331002647.0,3334.659133405661,30465.285714285714,0.058950099702749004
2020-05-03,United States,1133069.0,29288.0,66385.0,331002647.0,3423.1418094973724,27716.571428571428,0.05858866494450029
2020-05-04,United States,1158041.0,24972.0,67682.0,331002647.0,3498.585314938584,27447.285714285714,0.05844525366545744
2020-05-05,United States,1180634.0,22593.0,68934.0,331002647.0,3566.841566677864,27454.714285714286,0.05838727327859438
2020-05-06,United States,1204475.0,23841.0,71078.0,331002647.0,3638.8681810148787,27413.14285714286,0.05901160256543307
2020-05-07,United States,1228603.0,24128.0,73431.0,331002647.0,3711.7618579044174,26956.285714285714,0.05976788270906062
2020-05-08,United States,1256972.0,28369.0,75670.0,331002647.0,3797.468121153726,26735.14285714286,0.06020022721269845
2020-05-09,United States,1283929.0,26957.0,77180.0,331002647.0,3878.9085574895716,25735.428571428572,0.06011235823787764
2020-05-10,United States,1309541.0,25612.0,78794.0,331002647.0,3956.2855822116735,25210.285714285714,0.06016917377920966
2020-05-11,United States,1329799.0,20258.0,79528.0,331002647.0,4017.487509699582,24536.85714285714,0.05980452684954644
2020-05-12,United States,1347916.0,18117.0,80684.0,331002647.0,4072.2212109681404,23897.428571428572,0.05985832945079664
2020-05-13,United States,1369964.0,22048.0,82387.0,331002647.0,4138.830950194788,23641.285714285714,0.0601380766209915
2020-05-14,United States,1390746.0,20782.0,84133.0,331002647.0,4201.615946593925,23163.285714285714,0.0604948710979575
2020-05-15,United States,1417889.0,27143.0,85906.0,331002647.0,4283.61831197078,22988.14285714286,0.06058725330403156
2020-05-16,United States,1443397.0,25508.0,87568.0,331002647.0,4360.681139809737,22781.14285714286,0.06066799362891845
2020-05-17,United States,1467884.0,24487.0,88754.0,331002647.0,4434.6594001709,22620.428571428572,0.06046390586722111
2020-05-18,United States,1486757.0,18873.0,89562.0,331002647.0,4491.677071090008,22422.571428571428,0.06023983744485481
2020-05-19,United States,1508598.0,21841.0,90353.0,331002647.0,4557.661437674244,22954.571428571428,0.05989203220473579
2020-05-20,United States,1528568.0,19970.0,91921.0,331002647.0,4617.993281485752,22657.714285714286,0.06013536852792941
2020-05-21,United States,1551853.0,23285.0,93439.0,331002647.0,4688.340150947494,23015.285714285714,0.06021124423511763
2020-05-22,United States,1577287.0,25434.0,94702.0,331002647.0,4765.179415619597,22771.14285714286,0.060041070521724964
2020-05-23,United States,1601434.0,24147.0,96007.0,331002647.0,4838.130493862788,22576.714285714286,0.05995064423510429
2020-05-24,United States,1622670.0,21236.0,97087.0,331002647.0,4902.2870805018065,22112.285714285714,0.05983163551430667
2020-05-25,United States,1643238.0,20568.0,97720.0,331002647.0,4964.425556391397,22354.428571428572,0.0594679529076129
2020-05-26,United States,1662302.0,19064.0,98220.0,331002647.0,5022.020261970896,21957.714285714286,0.05908673634514065
2020-05-27,United States,1681212.0,18910.0,98916.0,331002647.0,5079.149714473431,21806.285714285714,0.058836125366699736
2020-05-28,United States,1699933.0,18721.0,100442.0,331002647.0,5135.7081745633295,21154.285714285714,0.05908585808970118
2020-05-29,United States,1721750.0,21817.0,101617.0,331002647.0,5201.62003417453,20637.571428571428,0.059019602148976336
2020-05-30,United States,1747087.0,25337.0,102836.0,331002647.0,5278.166249830625,20807.571428571428,0.0588614075887463
2020-05-31,United States,1770384.0,23297.0,103781.0,331002647.0,5348.549372778883,21102.0,0.058620615640448626
2020-06-01,United States,1790191.0,19807.0,104383.0,331002647.0,5408.38877339854,20993.285714285714,0.058308303415669054
2020-06-02,United States,1811277.0,21086.0,105147.0,331002647.0,5472.0921914561,21282.14285714286,0.058051308551922205
2020-06-03,United States,1831821.0,20544.0,106181.0,331002647.0,5534.158160372657,21515.571428571428,0.05796472471928207
2020-06-04,United States,1851520.0,19699.0,107175.0,331002647.0,5593.671279613664,21655.285714285714,0.057884872969236084
2020-06-05,United States,1872660.0,21140.0,108211.0,331002647.0,5657.537838360549,21558.571428571428,0.05778464857475463
2020-06-06,United States,1897838.0,25178.0,109143.0,331002647.0,5733.603695320297,21535.85714285714,0.05750912353952234
2020-06-07,United States,1920061.0,22223.0,109802.0,331002647.0,5800.742131225313,21382.428571428572,0.05718672479676427
2020-06-08,United States,1942363.0,22302.0,110514.0,331002647.0,5868.119235916563,21738.85714285714,0.0568966768827454
2020-06-09,United States,1961185.0,18822.0,111007.0,331002647.0,5924.982829517977,21415.428571428572,0.056602003380609174
2020-06-10,United States,1979850.0,18665.0,112006.0,331002647.0,5981.372106670797,21147.0,0.05657297269995202
2020-06-11,United States,2000464.0,20614.0,112924.0,331002647.0,6043.649554258701,21277.714285714286,0.0564489038543058
2020-06-12,United States,2023347.0,22883.0,113820.0,331002647.0,6112.7819319221335,21526.714285714286,0.0562533267897202
2020-06-13,United States,2048986.0,25639.0,114669.0,331002647.0,6190.240526988898,21592.571428571428,0.05596377915710503
2020-06-14,United States,2074526.0,25540.0,115436.0,331002647.0,6267.400030791899,22066.428571428572,0.05564451831406307
2020-06-15,United States,2094069.0,19543.0,115732.0,331002647.0,6326.44185470819,21672.285714285714,0.05526656475980495
2020-06-16,United States,2114026.0,19957.0,116127.0,331002647.0,6386.734423909305,21834.428571428572,0.05493168012124733
2020-06-17,United States,2137731.0,23705.0,116963.0,331002647.0,6458.350165399131,22554.428571428572,0.054713619253311106
2020-06-18,United States,2163290.0,25559.0,117717.0,331002647.0,6535.567070555783,23260.85714285714,0.05441572789593628
2020-06-19,United States,2191052.0,27762.0,118434.0,331002647.0,6619.439511612123,23957.85714285714,0.054053486635643515
2020-06-20,United States,2220961.0,29909.0,119112.0,331002647.0,6709.798305631073,24567.85714285714,0.053630838182210316
2020-06-21,United States,2255119.0,34158.0,119719.0,331002647.0,6812.993855000804,25799.0,0.053087664109964926
2020-06-22,United States,2280912.0,25793.0,119975.0,331002647.0,6890.9177031445315,26691.85714285714,0.05259957420540556
2020-06-23,United States,2312302.0,31390.0,120402.0,331002647.0,6985.750781624414,28325.14285714286,0.052070188063669885
2020-06-24,United States,2347022.0,34720.0,121228.0,331002647.0,7090.644202612676,29898.714285714286,0.05165183794612918
2020-06-25,United States,2381361.0,34339.0,121979.0,331002647.0,7194.3865754040335,31153.0,0.05122238921356317
2020-06-26,United States,2422310.0,40949.0,124416.0,331002647.0,7318.098577018329,33036.857142857145,0.05136254236658396
2020-06-27,United States,2467837.0,45527.0,125039.0,331002647.0,7455.641283738737,35268.0,0.05066744683704799
2020-06-28,United States,2510323.0,42486.0,125539.0,331002647.0,7583.9967527510435,36457.71428571428,0.05000910241431083
2020-06-29,United States,2548996.0,38673.0,125804.0,331002647.0,7700.832676422675,38297.71428571428,0.049354334020139695
2020-06-30,United States,2590552.0,41556.0,126140.0,331002647.0,7826.378500229939,39750.0,0.04869232503342917
2020-07-01,United States,2634432.0,43880.0,127410.0,331002647.0,7958.945415925933,41058.57142857143,0.04836336637271336
2020-07-02,United States,2686480.0,52048.0,128062.0,331002647.0,8116.188871444281,43588.42857142857,0.047669068818677225
2020-07-03,United States,2739879.0,53399.0,128740.0,331002647.0,8277.513865319632,45367.0,0.04698747645425218
2020-07-04,United States,2794321.0,54442.0,129434.0,331002647.0,8441.989891398058,46640.57142857143,0.04632037622019804
2020-07-05,United States,2839542.0,45221.0,129676.0,331002647.0,8578.608134212292,47031.28571428572,0.04566792813770672
2020-07-06,United States,2888635.0,49093.0,129947.0,331002647.0,8726.924168675907,48519.857142857145,0.044985607388957065
2020-07-07,United States,2938625.0,49990.0,130306.0,331002647.0,8877.950151256646,49724.71428571428,0.044342507124930874
2020-07-08,United States,2996098.0,57473.0,131480.0,331002647.0,9051.58320380441,51666.57142857143,0.04388374479072447
2020-07-09,United States,3055004.0,58906.0,132309.0,331002647.0,9229.54552686704,52646.28571428572,0.043308944931005
2020-07-10,United States,3118008.0,63004.0,133291.0,331002647.0,9419.888415575117,54018.42857142857,0.042748767803033216
2020-07-11,United States,3184633.0,66625.0,134097.0,331002647.0,9621.170793839603,55758.857142857145,0.04210752070960767
2020-07-12,United States,3247684.0,63051.0,134814.0,331002647.0,9811.65567536987,58306.0,0.04151081201249875
2020-07-13,United States,3304942.0,57258.0,135205.0,331002647.0,9984.639186284212,59472.42857142857,0.04090994637727379
2020-07-14,United States,3363056.0,58114.0,135605.0,331002647.0,10160.208779236742,60633.0,0.040321957172286156
2020-07-15,United States,3431574.0,68518.0,136466.0,331002647.0,10367.210144999233,62210.857142857145,0.039767756720385454
2020-07-16,United States,3499291.0,67717.0,137419.0,331002647.0,10571.791590536737,63469.57142857143,0.039270526515228374
2020-07-17,United States,3576221.0,76930.0,138358.0,331002647.0,10804.206650347422,65459.0,0.038688324910569005
2020-07-18,United States,3647715.0,71494.0,139266.0,331002647.0,11020.198880766051,66154.57142857143,0.03817896957410324
2020-07-19,United States,3711464.0,63749.0,140119.0,331002647.0,11212.792506762038,66254.28571428571,0.03775302683792703
2020-07-20,United States,3773260.0,61796.0,140534.0,331002647.0,11399.485877827437,66902.57142857143,0.03724471677011391
2020-07-21,United States,3830010.0,56750.0,140906.0,331002647.0,11570.93465781257,66707.71428571429,0.03678998227158676
2020-07-22,United States,3902058.0,72048.0,142066.0,331002647.0,11788.60059085872,67212.0,0.03640796728290559
2020-07-23,United States,3970906.0,68848.0,143190.0,331002647.0,11996.59892750042,67373.57142857143,0.036059780815763456
2020-07-24,United States,4034102.0,63196.0,144242.0,331002647.0,12187.521871992763,65411.57142857143,0.03575566507738277
2020-07-25,United States,4112529.0,78427.0,145546.0,331002647.0,12424.459554246405,66402.0,0.035390875055227575
2020-07-26,United States,4178027.0,65498.0,146460.0,331002647.0,12622.337125902199,66651.85714285714,0.03505482372421241
2020-07-27,United States,4234020.0,55993.0,146935.0,331002647.0,12791.498915112905,65822.85714285714,0.03470342605845036
2020-07-28,United States,4290263.0,56243.0,148011.0,331002647.0,12961.41598529271,65750.42857142857,0.034499283610352094
2020-07-29,United States,4351997.0,61734.0,149256.0,331002647.0,13147.922046677772,64277.0,0.03429597952388294
2020-07-30,United States,4426982.0,74985.0,150713.0,331002647.0,13374.461020548877,65153.71428571428,0.03404418631022218
2020-07-31,United States,4495014.0,68032.0,152070.0,331002647.0,13579.994120107445,65844.57142857143,0.03383081787954387
2020-08-01,United States,4562037.0,67023.0,153314.0,331002647.0,13782.478905674734,64215.42857142857,0.03360647886021091
2020-08-02,United States,4620444.0,58407.0,154447.0,331002647.0,13958.933687923045,63202.42857142857,0.033426874127248374
2020-08-03,United States,4667955.0,47511.0,154860.0,331002647.0,14102.470304414212,61990.71428571428,0.03317512700957914
2020-08-04,United States,4713562.0,45607.0,155403.0,331002647.0,14240.254701044732,60471.28571428572,0.0329693340195801
2020-08-05,United States,4771087.0,57525.0,156806.0,331002647.0,14414.044852034069,59870.0,0.032865885698583994
2020-08-06,United States,4823891.0,52804.0,158256.0,331002647.0,14573.572277202968,56701.28571428572,0.03280671142859571
2020-08-07,United States,4883646.0,59755.0,160104.0,331002647.0,14754.099534436655,55518.857142857145,0.032783702995671675
2020-08-08,United States,4941796.0,58150.0,161356.0,331002647.0,14929.777887848733,54251.28571428572,0.032651287102907524
2020-08-09,United States,4998017.0,56221.0,162425.0,331002647.0,15099.628493303258,53939.0,0.0324978886626436
2020-08-10,United States,5044864.0,46847.0,162938.0,331002647.0,15241.159083540502,53844.142857142855,0.03229779831527668
2020-08-11,United States,5094394.0,49530.0,163461.0,331002647.0,15390.7953491381,54404.57142857143,0.032086446395783286
2020-08-12,United States,5141207.0,46813.0,164537.0,331002647.0,15532.223221163546,52874.28571428572,0.032003574257951486
2020-08-13,United States,5197148.0,55941.0,166027.0,331002647.0,15701.22791193268,53322.42857142857,0.03194579026804702
2020-08-14,United States,5248242.0,51094.0,167110.0,331002647.0,15855.589215272952,52085.142857142855,0.031841138423113875
2020-08-15,United States,5313080.0,64838.0,168446.0,331002647.0,16051.47284517033,53040.57142857143,0.031704021019822774
2020-08-16,United States,5361165.0,48085.0,169481.0,331002647.0,16196.743586766544,51878.28571428572,0.03161271850428032
2020-08-17,United States,5403269.0,42104.0,170052.0,331002647.0,16323.944986458067,51200.71428571428,0.03147205885918321
2020-08-18,United States,5438325.0,35056.0,170497.0,331002647.0,16429.853505068797,49133.0,0.03135101340945971
2020-08-19,United States,5482416.0,44091.0,171821.0,331002647.0,16563.057877902713,48744.142857142855,0.03134037986172519
2020-08-20,United States,5529842.0,47426.0,173177.0,331002647.0,16706.337698864383,47527.71428571428,0.03131680796666523
2020-08-21,United States,5573847.0,44005.0,174255.0,331002647.0,16839.282255044927,46515.0,0.03126296792861376
2020-08-22,United States,5623727.0,49880.0,175406.0,331002647.0,16989.975913999264,44378.142857142855,0.031190347611112702
2020-08-23,United States,5668105.0,44378.0,176362.0,331002647.0,17124.0473493857,43848.57142857143,0.03111480821191562
2020-08-24,United States,5702611.0,34506.0,176806.0,331002647.0,17228.29424986441,42763.142857142855,0.031004394302890377
2020-08-25,United States,5740909.0,38298.0,177279.0,331002647.0,17343.997252082398,43226.28571428572,0.030879952983055473
2020-08-26,United States,5779028.0,38119.0,178486.0,331002647.0,17459.159473126507,42373.142857142855,0.030885124626494283
2020-08-27,United States,5821876.0,42848.0,179714.0,331002647.0,17588.60858898207,41719.142857142855,0.030868744026839458
2020-08-28,United States,5867785.0,45909.0,180824.0,331002647.0,17727.30536502326,41991.142857142855,0.030816398351337003
2020-08-29,United States,5917439.0,49654.0,181773.0,331002647.0,17877.31624998153,41958.857142857145,0.030718187378019443
2020-08-30,United States,5961582.0,44143.0,182779.0,331002647.0,18010.677721257016,41925.28571428572,0.030659479312705924
2020-08-31,United States,5997163.0,35581.0,183069.0,331002647.0,18118.172329902845,42078.857142857145,0.03052593367897454
2020-09-01,United States,6031013.0,33850.0,183598.0,331002647.0,18220.43737311865,41443.42857142857,0.030442315412021165
2020-09-02,United States,6075652.0,44639.0,184689.0,331002647.0,18355.297321836824,42374.857142857145,0.030398218989501045
2020-09-03,United States,6114406.0,38754.0,185744.0,331002647.0,18472.377956542445,41790.0,0.030378093963665483
2020-09-04,United States,6150655.0,36249.0,186797.0,331002647.0,18581.890675937706,40410.0,0.030370261378666174
2020-09-05,United States,6201726.0,51071.0,187765.0,331002647.0,18736.182493428823,40612.42857142857,0.03027624890232171
2020-09-06,United States,6245866.0,44140.0,188538.0,331002647.0,18869.534901332678,40612.0,0.03018604625843718
2020-09-07,United States,6276421.0,30555.0,188941.0,331002647.0,18961.845341375774,39894.0,0.030103302503130366
2020-09-08,United States,6300671.0,24250.0,189208.0,331002647.0,19035.10759537823,38522.57142857143,0.030029817459124593
2020-09-09,United States,6327793.0,27122.0,189679.0,331002647.0,19117.04651715368,36020.142857142855,0.029975538074649408
2020-09-10,United States,6359720.0,31927.0,190815.0,331002647.0,19213.501939155187,35044.857142857145,0.0300036794072695
2020-09-11,United States,6397227.0,37507.0,191789.0,331002647.0,19326.815232386947,35224.57142857143,0.029980021030987333
2020-09-12,United States,6445288.0,48061.0,193016.0,331002647.0,19472.01346701013,34794.57142857143,0.02994683868277104
2020-09-13,United States,6486108.0,40820.0,193701.0,331002647.0,19595.33574364437,34320.28571428572,0.02986398006323669
2020-09-14,United States,6519979.0,33871.0,194079.0,331002647.0,19697.664230461578,34794.0,0.029766813666117636
2020-09-15,United States,6554820.0,34841.0,194530.0,331002647.0,19802.923207438882,36307.0,0.029677397701233597
2020-09-16,United States,6606293.0,51473.0,195937.0,331002647.0,19958.429516728305,39785.71428571428,0.029659144697336312
2020-09-17,United States,6630891.0,24598.0,196802.0,331002647.0,20032.74312183975,38738.71428571428,0.029679570965651523
2020-09-18,United States,6674458.0,43567.0,197633.0,331002647.0,20164.364425762433,39604.42857142857,0.02961034439051081
2020-09-19,United States,6724667.0,50209.0,198589.0,331002647.0,20316.0520344721,39911.28571428572,0.029531425124842612
